,index,city_st
2374,",",1
1788,", OH",1
2392,"Aberdeen, NC",1
243,"Aberdeen, SD",4
111,"Abilene, TX",6
1772,"Abingdon, VA",1
1573,"Accomac, VA",1
2666,"Acton, MA",1
1253,"Ada, OK",1
666,"Adrian, MI",2
1930,"Agawam, MA",1
1751,"Aiken, GA",1
448,"Aiken, SC",3
125,"Akron, OH",6
1640,"Alameda, CA",1
1218,"Alamo Heights, TX",1
661,"Alamogordo, NM",2
1068,"Alamosa, CO",1
1969,"Albany, GA",1
230,"Albany, NY",4
1196,"Albany, OR",1
1719,"Albemarle, NC",1
1571,"Albert Lea, MN",1
1073,"Alberta, Canad",1
2646,"Albertville, AL",1
55,"Albuquerque, NM",9
1079,"Alcoa, TN",1
2144,"Aledo, TX",1
206,"Alexandria, LA",4
1173,"Alexandria, MN",1
822,"Alexandria, VA",2
944,"Alhambra, CA",2
2634,"Aliquippa, PA",1
2375,"Allen Park, MI",1
779,"Allentown, PA",2
1172,"Alliance, OH",1
2475,"Alpena, MI",1
705,"Alpharetta, GA",2
2220,"Alpine, TX",1
2676,"Altadena, CA",1
2533,"Altamont, NY",1
913,"Alton, IL",2
2661,"Alton, NH",1
948,"Altoona, PA",2
2610,"Altus, OK",1
435,"Amarillo, TX",3
1702,"Americus, GA",1
1006,"Amery, WI",1
296,"Ames, IA",3
1071,"Amesbury, MA",1
869,"Amherst, MA",2
2287,"Amsterdam, NY",1
1606,"Amsterdam, Netherlands",1
713,"Anacortes, WA",2
260,"Anaheim, CA",3
987,"Anchorage, AK",1
2254,"Andalusia, AL",1
758,"Anderson, IN",2
647,"Anderson, SC",2
628,"Andover, MA",2
1663,"Angels Camp, CA",1
2195,"Angleton, TX",1
1802,"Angola, IN",1
61,"Ann Arbor, MI",8
1639,"Anna, IL",1
814,"Annapolis, MD",2
2264,"Anniston, AL",1
1875,"Anoka, MN",1
1648,"Ansonia, CT",1
1492,"Antioch, CA",1
2579,"Apex, NC",1
1001,"Apple Valley, CA",1
2491,"Apple Valley, MN",1
235,"Appleton, WI",4
626,"Appomattox, VA",2
1989,"Arcadia, CA",1
1725,"Arcata, CA",1
1849,"Ardmore, OK",1
753,"Ardmore, PA",2
1387,"Arkadelphia, AR",1
781,"Arlington Heights, IL",2
126,"Arlington, MA",6
447,"Arlington, TX",3
2459,"Arlington, VA",1
571,"Arnold, MO",2
1373,"Arvin, CA",1
2414,"Asbury Park, NJ",1
294,"Asheboro, NC",3
179,"Asheville, NC",5
2296,"Ashfield, MA",1
1176,"Ashland City, TN",1
1922,"Ashland, AL",1
58,"Ashland, OH",9
2089,"Ashland, OR",1
1200,"Ashland, VA",1
653,"Ashland, WI",2
1309,"Ashtabula, OH",1
332,"Aspen, CO",3
2247,"Astoria, NY",1
1835,"Astoria, OR",1
2337,"Atchison, KS",1
505,"Athens, AL",2
191,"Athens, GA",4
307,"Athens, OH",3
1477,"Athens, TN",1
12,"Atlanta, GA",13
840,"Atlantic City, NJ",2
1264,"Atlantic, IA",1
2483,"Atoka, OK",1
1410,"Attleboro, MA",1
371,"Auburn, AL",3
441,"Auburn, CA",3
688,"Auburn, IN",2
866,"Auburn, ME",2
630,"Auburn, NE",2
696,"Auburn, NY",2
2111,"Auburn, WA",1
1642,"Auckland, New Zealand",1
195,"Augusta, GA",4
1557,"Augusta, ME",1
287,"Aurora, CO",3
185,"Aurora, IL",4
1713,"Austin, MN",1
56,"Austin, TX",9
2542,"Avalon, CA",1
1677,"Avodale Estates, GA",1
1323,"Avon, CT",1
1226,"Avon, IN",1
1108,"Avon, OH",1
638,"Babylon, NY",2
1632,"Bad Axe, MI",1
1183,"Bainbridge Island, WA",1
2117,"Baker, NV",1
95,"Bakersfield, CA",7
2478,"Baldwinsville, NY",1
45,"Baltimore, MD",10
606,"Bandon, OR",2
526,"Bangor, ME",2
1383,"Bar Harbor, ME",1
1535,"Barbourville, KY",1
2231,"Barnstable, MA",1
2161,"Barrington, IL",1
2369,"Barstow, CA",1
2675,"Bartlesville, OK",1
1322,"Basking Ridge, NJ",1
1534,"Batavia, IL",1
1128,"Batavia, NY",1
484,"Bath, ME",2
141,"Baton Rouge, LA",5
2192,"Battle Creek, MI",1
605,"Bay City, MI",2
827,"Bay Ridge, NY",2
778,"Bay Village, OH",2
1157,"Bayonne, NJ",1
1644,"Baytown, TX",1
2446,"Beachwood, OH",1
818,"Beacon, NY",2
1153,"Beardstown, IL",1
2197,"Beatrice, NE",1
1861,"Beaufort, NC",1
104,"Beaufort, SC",6
556,"Beaumont, TX",2
2409,"Beaver Dam, WI",1
862,"Beavercreek, OH",2
1214,"Beaverton, LA",1
414,"Beaverton, OR",3
386,"Beckley, WV",3
2653,"Bedford, IN",1
1185,"Bedford, PA",1
1295,"Bedford, VA",1
1592,"Beecher, MI",1
465,"Bel Air, MD",2
425,"Belfast, ME",3
2551,"Belgrade, Serbia",1
2259,"Bellbrook, OH",1
2200,"Belle Chasse, LA",1
972,"Belle Fourche, SD",1
729,"Belleville, IL",2
2528,"Belleville, NJ",1
1976,"Bellevue, ID",1
1752,"Bellevue, NE",1
1782,"Bellevue, PA",1
376,"Bellevue, WA",3
149,"Bellingham, WA",5
915,"Bellows Falls, VT",2
667,"Bellport, NY",2
1088,"Belmont, CA",1
1361,"Belmont, MA",1
1897,"Beloit, WI",1
2104,"Belton, TX",1
329,"Bemidji, MN",3
229,"Bend, OR",4
1215,"Benicia, CA",1
2530,"Bennington, VT",1
2119,"Benton Harbor, MI",1
1994,"Benton, AR",1
2180,"Benton, IL",1
2148,"Benton, KY",1
873,"Bentonville, AR",2
439,"Berea, KY",3
2544,"Berkeley Heights, NJ",1
174,"Berkeley, CA",5
1101,"Berlin, CT",1
999,"Berlin, NH",1
1448,"Bernardsville, NJ",1
1280,"Berrien Springs, MI",1
719,"Bethel, AK",2
777,"Bethel, CT",2
692,"Bethel, VT",2
396,"Bethesda, MD",3
288,"Bethlehem, PA",3
1970,"Bethpage, NY",1
1130,"Bettendorf, IA",1
335,"Beverly Hills, CA",3
1455,"Beverly, MA",1
1552,"Big Rapids, MI",1
670,"Big Spring, TX",2
1058,"Billerica, MA",1
328,"Billings, MT",3
2481,"Biloxi, MS",1
513,"Binghamton, NY",2
1286,"Birdsboro, PA",1
76,"Birmingham, AL",8
750,"Birmingham, MI",2
2467,"Bisbee, AZ",1
2416,"Bishop, CA",1
475,"Bismarck, ND",2
345,"Blacksburg, VA",3
844,"Blaine, MN",2
1812,"Bloomfield Hills, MI",1
2674,"Bloomfield, CT",1
920,"Bloomfield, NJ",2
231,"Bloomington, IL",4
338,"Bloomington, IN",3
1260,"Bloomsburg, PA",1
1903,"Blue Springs, MO",1
1749,"Bluefield, WV",1
1629,"Bluffton, SC",1
306,"Boca Raton, FL",3
490,"Boerne, TX",2
112,"Boise, ID",6
1189,"Bolingbrook, IL",1
2159,"Bologna, Italy",1
1817,"Bonita Springs, FL",1
2277,"Bonney Lake, WA",1
1312,"Boone, IA",1
902,"Boone, NC",2
1591,"Bordentown, NJ",1
22,"Boston, MA",12
870,"Bothell, WA",2
2620,"Boulder City, NV",1
252,"Boulder, CO",4
981,"Boulder, UT",1
1746,"Bourbon County, KS",1
102,"Bowling Green, KY",6
358,"Bowling Green, OH",3
988,"Bowling Green, VA",1
2207,"Boyertown, PA",1
406,"Boynton Beach, FL",3
929,"Bozeman, MT",2
1594,"Bradenton, FL",1
1745,"Bradford, PA",1
462,"Bradley, IL",2
634,"Brainerd, MN",2
1395,"Branford, CT",1
657,"Branson, MO",2
2664,"Braselton, GA",1
300,"Brattleboro, VT",3
2189,"Brea, CA",1
1163,"Breckenridge, CO",1
1896,"Breckinridge, CO",1
1351,"Brecksville, OH",1
883,"Bremerton, WA",2
1050,"Brenham, TX",1
1133,"Brentwood, CA",1
1370,"Brentwood, MO",1
1144,"Brentwood, NY",1
925,"Brevard, NC",2
1070,"Brewster, NY",1
2037,"Brewton, AL",1
1604,"Briarwood, NY",1
810,"Brick, NJ",2
2557,"Bridgehampton, NY",1
310,"Bridgeport, CT",3
2384,"Bridgeport, PA",1
1392,"Bridgewater, CT",1
746,"Bridgewater, MA",2
1503,"Bridgewater, NJ",1
1543,"Brighton, MI",1
1679,"Brighton, NY",1
886,"Bristol, CT",2
1776,"Bristol, NH",1
1758,"Bristol, PA",1
2021,"Bristol, RI",1
1765,"Bristol, TN",1
2101,"Bristol, VA",1
170,"Brockton, MA",5
1140,"Broken Arrow, OK",1
1981,"Broken Bow, NE",1
1308,"Bronson, FL",1
714,"Bronx, NY",2
1330,"Brookfield, MO",1
489,"Brookfield, WI",2
2439,"Brookhaven, GA",1
1154,"Brookings, OR",1
640,"Brookings, SD",2
121,"Brooklyn, NY",6
1451,"Broward County Library. A line of sheriff's deputies blocked the north side of the intersection; Fort Lauderdale police officers stood in a line on the east side. Officers were equipped with riot gear, including helmets and shields. Some officers were on horses, and armored vehicles were deployed. Windows were broken in stores and government buildings; two were arrested for looting. An art work valued at $58,000 was destroyed. Police used tear gas and percussion grenades. About 8, FL",1
2618,"Brown Deer, WI",1
1540,"Brownsburg, IN",1
1757,"Brownsville, TX",1
1339,"Brownwood, TX",1
762,"Brunswick, GA",2
317,"Brunswick, ME",3
1735,"Bryan, OH",1
201,"Bryan, TX",4
1377,"Bryson City, NC",1
1427,"Bucyrus, OH",1
1987,"Buda, TX",1
2196,"Buellton, CA",1
2549,"Buena Park, CA",1
2226,"Buffalo Grove, IL",1
41,"Buffalo, NY",10
1371,"Bullhead City, AZ",1
1623,"Burbank, CA",1
2158,"Burien, WA",1
926,"Burke, VA",2
2522,"Burlington, IA",1
1671,"Burlington, NC",1
196,"Burlington, VT",4
1177,"Burlington, WA",1
1630,"Burlington, WI",1
1230,"Burns, OR",1
1229,"Burnsville, NC",1
2132,"Butler, AL",1
845,"Butler, PA",2
1138,"Butte, MT",1
2188,"Buzzards Bay, MA",1
1778,"Cabot, AR",1
1984,"Cadillac, MI",1
415,"Calabasas, CA",3
790,"Caldwell, NJ",2
2213,"Caledonia, NY",1
936,"Calexico, CA",2
530,"Callicoon, NY",2
774,"Calumet City, IL",2
1905,"Camarillo, CA",1
1965,"Camas, WA",1
341,"Cambridge, MA",3
756,"Cambridge, MD",2
1859,"Cambridge, NY",1
1542,"Cambridge, OH",1
2210,"Cambridge, WI",1
1365,"Camden, ME",1
789,"Camden, NJ",2
1449,"Camdenton, MO",1
2198,"Canaan, NH",1
1982,"Canal Winchester, OH",1
2622,"Canandaigua, NY",1
1353,"Canova Park, FL",1
2371,"Canton, IL",1
1297,"Canton, MO",1
2441,"Canton, NC",1
1419,"Canton, NY",1
1181,"Canton, New York, NY",1
182,"Canton, OH",4
1587,"Canyon, TX",1
2230,"Cape Cod, MA",1
2366,"Cape Coral, FL",1
2024,"Cape Elizabeth, ME",1
1035,"Cape Girardeau, MO",1
2582,"Cape May, NJ",1
353,"Carbondale, IL",3
1493,"Cardiff, CA",1
1208,"Carefree, AZ",1
2227,"Caribou, ME",1
1033,"Carleton, MI",1
2403,"Carlinville, IL",1
343,"Carlisle, PA",3
2496,"Carlsbad, CA",1
871,"Carlsbad, NM",2
2473,"Carlstadt, NJ",1
2098,"Carmel, IN",1
861,"Carmel, NY",2
2383,"Caro, MI",1
1626,"Carol Stream, IL",1
889,"Carrollton, GA",2
2079,"Carrollton, OH",1
1678,"Carrollton, TX",1
2438,"Carson City, NV",1
1936,"Carson, CA",1
990,"Cartersville, GA",1
1192,"Carterville, IL",1
1979,"Cary, NC",1
1321,"Casa Grande, AZ",1
885,"Casper, WY",2
1293,"Castle Rock, CO",1
1066,"Castro Valley, CA",1
2030,"Catasauqua, PA",1
681,"Catskill, NY",2
2315,"Cazenovia, NY",1
629,"Cedar City, UT",2
551,"Cedar Hill, TX",2
1836,"Cedar Park, TX",1
165,"Cedar Rapids, IA",5
1111,"Cedartown, GA",1
2445,"Cederhurst, NY",1
1556,"Celina, OH",1
1701,"Celina, TX",1
2353,"Center, TX",1
2529,"Centerville, OH",1
2490,"Centralia, IL",1
823,"Centralia, WA",2
802,"Centreville, MD",2
2365,"Century City, CA",1
979,"Century City, Los Angeles, CA",1
1378,"Cerdarhurst, NY",1
1031,"Cerritos, CA",1
324,"Chadron, NE",3
557,"Chagrin Falls, OH",2
669,"Chambersburg, PA",2
198,"Champaign, IL",4
2182,"Champaign–Urbana, IL",1
134,"Chandler, AZ",5
701,"Chapel Hill, NC",2
971,"Charles Town, WV",1
1703,"Charleston, IL",1
99,"Charleston, SC",7
241,"Charleston, WV",4
1643,"Charlevoix, MI",1
18,"Charlotte, NC",12
167,"Charlottesville, VA",5
2206,"Chaska, MN",1
1065,"Chatham, MA",1
1193,"Chatsworth, CA",1
48,"Chattanooga, TN",10
969,"Cheboygan, MI",1
370,"Chehalis, WA",3
2444,"Chelan, WA",1
2312,"Chelsea, MA",1
1134,"Chelsea, MI",1
1968,"Chenoa, IL",1
2519,"Cherry Hill, NJ",1
766,"Chesapeake, VA",2
382,"Cheshire, CT",3
1911,"Chester, SC",1
876,"Chester, VT",2
1675,"Chesterfield, MI",1
1374,"Chesterfield, MO",1
283,"Chesterfield, VA",3
652,"Chestertown, MD",2
259,"Cheyenne, WY",4
2031,"Chicago Ridge, IL",1
2,"Chicago, IL",18
772,"Chico, CA",2
1883,"Chicopee, MA",1
748,"Chillicothe, OH",2
1825,"Chincoteague, VA",1
1739,"Chino Hills, CA",1
739,"Chino, CA",2
1942,"Chisholm, MN",1
1331,"Chllicothe, OH",1
2368,"Chowchilla, CA",1
1298,"Christchurch, New Zealand",1
1389,"Christiansburg, VA",1
1397,"Christiansted, U.S. Virgin Islands",1
909,"Chula Vista, CA",2
1300,"Cicero, IL",1
42,"Cincinnati, OH",10
1439,"City of Port of Spain, Trinidad and Tobago",1
1005,"Claremont, CA",1
2266,"Claremont, NH",1
712,"Claremore, OK",2
599,"Clark, NJ",2
847,"Clarksburg, MD",2
594,"Clarksburg, WV",2
1381,"Clarksville, IN",1
276,"Clarksville, TN",3
1946,"Clayton, CA",1
1615,"Clayton, GA",1
912,"Clayton, MO",2
1090,"Clayton, OK",1
1148,"Clearlake, CA",1
1007,"Clearwater, FL",1
761,"Cleburne, TX",2
1190,"Clemson, SC",1
2493,"Clermont, FL",1
1973,"Cleveland Heights, OH",1
1188,"Cleveland, MS",1
176,"Cleveland, OH",5
2301,"Cleveland, TN",1
1102,"Clifton Park, NY",1
315,"Clifton, NJ",3
1846,"Clinton, CT",1
1074,"Clinton, IA",1
2027,"Clinton, MA",1
1949,"Clinton, NY",1
2299,"Cloverdale, CA",1
1129,"Clovis, NM",1
1633,"Coatesville, PA",1
1570,"Cocoa, FL",1
2191,"Cody, WY",1
449,"Coeur d'Alene, ID",3
1512,"Coffeyville, KS",1
1394,"Cohoes, NY",1
1707,"Colchester, CT",1
2565,"Colchester, VT",1
2002,"Coldwater, MI",1
1954,"Colfax, CA",1
1127,"College Park, MD",1
570,"College Station, TX",2
2202,"Collierville, TN",1
2012,"Collinsville, IL",1
1935,"Collinsville, MO",1
1291,"Colombo, Sri Lanka",1
1132,"Colonial Heights, VA",1
68,"Colorado Springs, CO",8
1771,"Columbia, IL",1
616,"Columbia, MD",2
69,"Columbia, MO",8
217,"Columbia, MS",4
114,"Columbia, SC",6
124,"Columbus, GA",6
655,"Columbus, NE",2
62,"Columbus, OH",8
691,"Commack, NY",2
1933,"Commerce, TX",1
754,"Compton, CA",2
1514,"Concord, CA",1
1334,"Concord, NC",1
2354,"Concord, NH",1
2386,"Conroe, TX",1
331,"Conway, AR",3
2547,"Conway, NH",1
694,"Conway, SC",2
1113,"Conyers, GA",1
2654,"Cookeville, TN",1
2604,"Cooperstown, NY",1
2261,"Coos Bay, OR",1
1324,"Copiague, NY",1
1363,"Coppell, TX",1
1398,"Copperas Cove, TX",1
2033,"Coquille, OR",1
1655,"Coral Gables, FL",1
2072,"Coral Springs, FL",1
295,"Coralville, IA",3
1974,"Coraopolis, PA",1
211,"Corbin, KY",4
2387,"Cornelius, NC",1
2096,"Corning, NY",1
1887,"Cornwall, CT",1
1610,"Corona, CA",1
422,"Coronado, CA",3
383,"Corpus Christi, TX",3
2400,"Cortland, NY",1
586,"Corvallis, OR",2
2379,"Coshocton, OH",1
249,"Costa Mesa, CA",4
1850,"Cottage Grove, OR",1
2608,"Council Bluffs, IA",1
982,"Coventry, CT",1
1645,"Covington, GA",1
2313,"Covington, KY",1
2356,"Covington, LA",1
2650,"Covington, VA",1
1585,"Coxsackie, NY",1
2590,"Craig, CO",1
1524,"Cranford, NJ",1
1402,"Cranston, RI",1
1045,"Crawford, GA",1
601,"Crawfordsville, IN",2
1715,"Creede, CO",1
2643,"Crescent City, CA",1
481,"Crested Butte, CO",2
2126,"Crestwood, MO",1
1605,"Creve Coeur, MO",1
1755,"Crofton, MD",1
1653,"Cromwell, CT",1
1067,"Crossett, AR",1
1948,"Crowley, LA",1
523,"Crown Point, IN",2
219,"Crystal Lake, IL",4
1170,"Cullman, AL",1
1832,"Culpeper, VA",1
868,"Culver City, CA",2
1881,"Cumberland, MD",1
491,"Cumming, GA",2
2028,"Cupertino, CA",1
1561,"Cutler Bay, FL",1
1569,"Cypress, CA",1
1404,"Dacula, GA",1
1390,"Dadeville, AL",1
1040,"Dallas, OR",1
27,"Dallas, TX",11
1141,"Dalton, GA",1
2173,"Damascus, MD",1
2228,"Dana Point, CA",1
281,"Danbury, CT",3
2204,"Dansville, NY",1
374,"Danville, CA",3
2138,"Danville, IL",1
2597,"Danville, KY",1
1028,"Danville, PA",1
429,"Danville, VA",3
595,"Darien, CT",2
2248,"Dartmouth, MA",1
269,"Davenport, IA",3
426,"Davie, FL",3
2639,"Davis, CA",1
1021,"Davison, MI",1
215,"Dayton, OH",4
1759,"Daytona Beach Shores, FL",1
1310,"Daytona Beach, FL",1
1184,"De Pere, WI",1
1661,"DeFuniak Springs, FL",1
947,"DeKalb, IL",2
895,"DeLand, FL",2
1442,"DeRidder, LA",1
1683,"DeWitt, NY",1
1064,"Dearborn, MI",1
2172,"Decatur, AL",1
2454,"Decatur, GA",1
239,"Decatur, IL",4
1638,"Decorah, IA",1
2505,"Deep River, CT",1
1409,"Deer Park, NY",1
1575,"Deerfield, IL",1
727,"Defiance, OH",2
87,"Dekalb, IL",7
1057,"Del Mar Heights, CA",1
1732,"Del Mar, CA",1
553,"Del Rio, TX",2
1869,"Delano, CA",1
613,"Delaware, OH",2
2023,"Delhi, NY",1
1895,"Delmar, NY",1
604,"Delray Beach, FL",2
1483,"Deluth, MN",1
2092,"Deming, NM",1
1167,"Denham Springs, LA",1
2456,"Denison, IA",1
1488,"Denison, TX",1
33,"Denton, TX",10
19,"Denver, CO",12
1523,"Denville, NJ",1
2334,"Derby, CT",1
2424,"Derby, KS",1
10,"Des Moines, IA",15
2421,"Desert Hot Springs, CA",1
2300,"Detroit Lakes, MN",1
21,"Detroit, MI",12
1904,"Diamond Bar, CA",1
1988,"Dickinson, ND",1
2236,"Dillingham, AK",1
2186,"Dobbs Ferry, NY",1
2430,"Dodge City, KS",1
1957,"Dodgeville, WI",1
2194,"Dolores, CO",1
784,"Doral, FL",2
2245,"Dormont, PA",1
1175,"Dothan, AL",1
2050,"Douglasville, GA",1
728,"Dover, DE",2
2574,"Dover, NH",1
2112,"Dover, OH",1
2492,"Downers Grove, IL",1
2061,"Downey, CA",1
904,"Doylestown, PA",2
808,"Du Quoin, IL",2
1740,"DuBois, PA",1
1460,"Dublin, CA",1
1791,"Dublin, GA",1
496,"Dublin, Ireland",2
673,"Dublin, NH",2
1669,"Dublin, OH",1
2152,"Dubois, PA",1
700,"Dubuque, IA",2
1731,"Duluth, GA",1
188,"Duluth, MN",4
2174,"Dumfries, VA",1
2323,"Duncan, OK",1
2215,"Dunedin, New Zealand",1
1756,"Dunn, NC",1
815,"Durango, CO",2
1384,"Durham, CT",1
66,"Durham, NC",8
2578,"Duvall, WA",1
1204,"Eagle Pass, TX",1
1481,"Easley, SC",1
2243,"East Brunswick, NJ",1
1960,"East Cleveland, OH",1
1952,"East Granby, CT",1
2110,"East Grand Forks, MN",1
1868,"East Grand Rapids, MI",1
2017,"East Hampton, CT",1
2515,"East Hartford, CT",1
554,"East Haven, CT",2
209,"East Lansing, MI",4
1039,"East Liverpool, OH",1
1696,"East Longmeadow, MA",1
1199,"East Los Angeles, CA",1
1155,"East Lyme, CT",1
1420,"East Meadow, NY",1
398,"East Palo Alto, CA",3
2393,"East Setauket, NY",1
2307,"East Stroudsburg, PA",1
2480,"East Tawas, MI",1
299,"Easton, MA",3
931,"Easton, MD",2
495,"Easton, PA",2
2626,"Eastpointe, MI",1
1646,"Eastsound, WA",1
2567,"Eaton, OH",1
2501,"Eatontown, NJ",1
472,"Eau Claire, WI",2
2422,"Edgewood, MD",1
1046,"Edina, MN",1
2139,"Edinburg, TX",1
699,"Edmond, OK",2
851,"Edmonds, WA",2
1603,"Edna, TX",1
749,"Edwardsville, IL",2
1120,"Edwardsville, MO",1
1425,"Effingham, IL",1
1685,"El Campo, TX",1
1281,"El Centro, CA",1
1562,"El Dorado, AR",1
2603,"El Monte, CA",1
113,"El Paso, TX",6
2178,"Elburn, IL",1
109,"Elgin, IL",6
2306,"Elizabeth City, NC",1
546,"Elizabeth, NJ",2
619,"Elizabethtown, KY",2
1860,"Elizabethtown, NY",1
1168,"Elizabethtown, PA",1
1555,"Elk Grove Village, IL",1
798,"Elkhart, IN",2
843,"Elkin, NC",2
1862,"Elkton, MD",1
297,"Ellensburg, WA",3
697,"Ellsworth, ME",2
1454,"Elmhurst, IL",1
240,"Elmira, NY",4
763,"Elsmere, KY",2
2073,"Elyria, OH",1
510,"Emporia, KS",2
97,"Encinitas, CA",7
1785,"Encino, CA",1
2233,"Enfield, CT",1
482,"Englewood, NJ",2
2486,"Englewood, OH",1
2056,"Enid, OK",1
1650,"Enterprise, OR",1
2278,"Ephrata, PA",1
708,"Erie, PA",2
1950,"Erlanger, KY",1
922,"Escanaba, MI",2
253,"Escondido, CA",4
1844,"Essex, VT",1
1871,"Estes Park, CO",1
2395,"Euclid, OH",1
13,"Eugene, OR",13
1838,"Eureka, CA",1
2093,"Evans, GA",1
506,"Evanston, IL",2
128,"Evansville, IN",6
1396,"Everett, MA",1
555,"Everett, WA",2
1910,"Evergreen Park, IL",1
1833,"Evergreen, CO",1
2641,"Exmore, VA",1
937,"Fairbanks, AK",2
1762,"Fairborn, OH",1
1865,"Fairfax District, CA",1
2326,"Fairfax, VA",1
362,"Fairfield, CA",3
911,"Fairfield, CT",2
1220,"Fairfield, IA",1
2499,"Fairfield, OH",1
767,"Fairmont, WV",2
302,"Fall River, MA",3
1491,"Fallon, NV",1
1012,"Falls Church, VA",1
816,"Falmouth, MA",2
2401,"Famington, NM",1
734,"Fargo, ND",2
632,"Farmingdale, NY",2
582,"Farmington, CT",2
1660,"Farmington, ME",1
1941,"Farmington, MO",1
706,"Farmington, NM",2
568,"Farrell, PA",2
405,"Fayetteville, AR",3
1011,"Fayetteville, GA",1
443,"Fayetteville, NC",3
2034,"Fayetteville, WV",1
1316,"Federal Way, WA",1
1393,"Fergus Falls, MN",1
238,"Ferguson, MO",4
648,"Ferndale, MI",2
1122,"Festus, MO",1
2122,"Findlay, OH",1
1257,"Fircrest, WA",1
1796,"Fishers, IN",1
2587,"Fitchburg, MA",1
420,"Flagstaff, AZ",3
955,"Flemington, NJ",2
210,"Flint, MI",4
1891,"Flora, IL",1
2635,"Florence, AL",1
2020,"Florence, Italy",1
672,"Florence, OR",2
1302,"Florence, SC",1
1406,"Floresville, TX",1
2621,"Florissant, MO",1
2560,"Flossmoor, IL",1
91,"Flower Mound, TX",7
2429,"Folsom, CA",1
2546,"Fond du Lac, WI",1
232,"Fontana, CA",4
308,"Forest Grove, OR",3
1244,"Forest Hills, NY",1
2224,"Forest Lake, MN",1
1343,"Forks, WA",1
1327,"Fort Atkinson, WI",1
837,"Fort Bragg, CA",2
214,"Fort Collins, CO",4
1429,"Fort Dodge, IA",1
2133,"Fort Fort Stockton, TX",1
2131,"Fort Kent, ME",1
356,"Fort Lauderdale, FL",3
1434,"Fort Mill, SC",1
2135,"Fort Mitchell, KY",1
1647,"Fort Monroe, VA",1
75,"Fort Myers, FL",8
1292,"Fort Payne, AL",1
1249,"Fort Pierce, FL",1
1978,"Fort Scott, KS",1
857,"Fort Smith, AR",2
572,"Fort Stockton, TX",2
800,"Fort Walton Beach, FL",2
865,"Fort Washington, CA",2
291,"Fort Wayne, IN",3
93,"Fort Worth, TX",7
1421,"Fortuna, CA",1
451,"Fostoria, OH",2
2671,"Fountain Valley, CA",1
2325,"Foxborough, MA",1
270,"Framingham, MA",3
2003,"Frankford, DE",1
1158,"Franklin Township (Somerset County), NJ",1
1564,"Franklin Township, NJ",1
2503,"Franklin, KY",1
1100,"Franklin, MA",1
1497,"Franklin, NJ",1
529,"Franklin, TN",2
2042,"Franklin, VA",1
544,"Franklinville, NJ",2
2637,"Frankton, IN",1
1736,"Fraser, CO",1
1041,"Frederick, MD",1
2291,"Fredericksburg, TX",1
81,"Fredericksburg, VA",8
1288,"Frederiksted, U.S. Virgin Islands",1
1724,"Fredonia, NY",1
791,"Freeburg, IL",2
671,"Freehold Township, NJ",2
709,"Freehold, NJ",2
1853,"Freeport, IL",1
436,"Freeport, NY",3
1412,"Fremont / Newark, CA",1
78,"Fremont, CA",8
702,"Fremont, NE",2
564,"Fremont, OH",2
123,"Fresno, CA",6
846,"Friday Harbor, WA",2
2134,"Fridley, MN",1
2118,"Friendswood, TX",1
743,"Frisco, TX",2
1248,"Front Royal, VA",1
1955,"Frontenac, MO",1
1457,"Frostburg, MD",1
1560,"Ft. Dodge, IA",1
1136,"Ft. Fort Stockton, TX",1
378,"Fullerton, CA",3
2201,"Fulton, MO",1
736,"Gadsden, AL",2
2611,"Gaffney, SC",1
150,"Gainesville, FL",5
704,"Gainesville, GA",2
1600,"Gainesville, VA",1
2372,"Gaithersberg, MD",1
1252,"Gaithersburg, MD",1
1269,"Galax, TX",1
997,"Galax, VA",1
817,"Galesburg, IL",2
2517,"Gallipolis, OH",1
636,"Gallup, NM",2
1820,"Galveston, TX",1
2468,"Garberville, CA",1
1126,"Garden City, KS",1
1137,"Garden City, NY",1
1348,"Garden Grove, CA",1
973,"Gardner, KS",1
2324,"Gardner, MA",1
547,"Garrettsville, OH",2
787,"Gary, IN",2
1075,"Gaylord, MI",1
2559,"Geddes, NY",1
1125,"Geneseo, NY",1
1544,"Geneva, IL",1
603,"Geneva, NY",2
2081,"Georgetown, DE",1
2524,"Georgetown, KY",1
363,"Georgetown, SC",3
2341,"Georgetown, TX",1
1781,"Germantown, MD",1
2466,"Gettysburg, PA",1
1909,"Gettysburg, VA",1
2071,"Gibson City, IL",1
1112,"Gifford, FL",1
2109,"Gig Harbor, WA",1
2435,"Gilbert, AZ",1
1206,"Gillette, WY",1
1692,"Gilroy, CA",1
1940,"Gladwin, MI",1
2005,"Glasgow, KY",1
1505,"Glassboro, NJ",1
1182,"Glastonbury, CT",1
1354,"Glen Cove, NY",1
1254,"Glen Ellyn, IL",1
2309,"Glen Falls, NY",1
1347,"Glen Ridge, NJ",1
349,"Glendale, CA",3
2053,"Glendale, MO",1
1471,"Glendora, CA",1
829,"Glens Falls, NY",2
695,"Glenview, IL",2
1914,"Glenwood Springs, CO",1
1847,"Gloucester City, NJ",1
354,"Gloucester, MA",3
1038,"Golden, CO",1
933,"Goldsboro, NC",2
1211,"Goodyear, AZ",1
2107,"Gorham, ME",1
946,"Goshen, IA",2
780,"Goshen, IN",2
1827,"Goshen, NY",1
1793,"Government, MD",1
1773,"Grafton, MA",1
991,"Grafton, WI",1
675,"Graham, NC",2
1996,"Granbury, TX",1
1364,"Granby, CT",1
1928,"Grand Blanc, MI",1
393,"Grand Forks, ND",3
258,"Grand Island, NE",4
428,"Grand Junction, CO",3
2183,"Grand Marais, MN",1
1135,"Grand Prairie, TX",1
100,"Grand Rapids, MI",7
1966,"Grandview, WA",1
1794,"Granite City, IL",1
624,"Granite Falls, WA",2
812,"Grants Pass, OR",2
2381,"Granville, OH",1
2443,"Grass Valley, CA",1
2165,"Grayslake, IL",1
905,"Great Barrington, MA",2
621,"Great Bend, KS",2
2280,"Great Falls, MI",1
2672,"Great Falls, MN",1
1407,"Great Falls, MT",1
1054,"Greeley, CO",1
140,"Green Bay, WI",5
2440,"Green Valley, AZ",1
1938,"Greencastle, IN",1
1521,"Greencastle, PA",1
1856,"Greeneville, TN",1
389,"Greenfield, IN",3
275,"Greenfield, MA",3
1241,"Greenlawn, NY",1
110,"Greensboro, NC",6
726,"Greensburg, PA",2
1335,"Greenville, KY",1
589,"Greenville, NC",2
1355,"Greenville, PA",1
272,"Greenville, SC",3
788,"Greenville, TX",2
635,"Greenwich, CT",2
1357,"Greenwood, IN",1
986,"Greenwood, MS",1
2673,"Greenwood, SC",1
455,"Gresham, OR",2
1479,"Griffith, IN",1
1165,"Grosse Pointe Woods, MI",1
2267,"Groton, CT",1
1995,"Grottoes, VA",1
2143,"Grove City, OH",1
1641,"Grove City, PA",1
1527,"Grove, OK",1
1900,"Grovetown, GA",1
2029,"Grundy Center, IA",1
1161,"Guilford, CT",1
1277,"Guilford, ME",1
1704,"Gulfport, MS",1
1147,"Gunnison, CO",1
464,"Hackensack, NJ",2
2548,"Hackettstown, NJ",1
1408,"Haddonfield, NJ",1
316,"Hagerstown, MD",3
967,"Hagåtña, Guam",1
2066,"Hailey, ID",1
1806,"Haines, AK",1
1956,"Half Moon Bay, CA",1
1554,"Hallandale Beach, FL",1
2606,"Hamburg, PA",1
430,"Hamden, CT",3
716,"Hamilton, MT",2
1468,"Hamilton, NJ",1
1098,"Hamilton, NY",1
658,"Hamilton, OH",2
664,"Hammond, IN",2
1441,"Hammond, LA",1
2052,"Hampton Beach, NH",1
1539,"Hampton Roads, VA",1
2571,"Hampton, NH",1
180,"Hampton, VA",5
2477,"Hanalei, HI",1
2340,"Hancock Park, CA",1
337,"Hancock, MI",3
1608,"Hanford, CA",1
2290,"Hannibal, MO",1
1430,"Hanover, NH",1
416,"Hanover, PA",3
1879,"Happy Valley, OR",1
2615,"Harlan, KY",1
1720,"Harrisburg, NC",1
204,"Harrisburg, PA",4
2362,"Harrison, AR",1
452,"Harrisonburg, VA",2
1631,"Harrodsburg, KY",1
17,"Hartford, CT",12
1500,"Harvard, NE",1
1824,"Harvey, LA",1
1251,"Harwich, MA",1
1382,"Hasbrouck Heights, NJ",1
2018,"Hastings, NE",1
927,"Hattiesburg, MS",2
558,"Haverhill, MA",2
1774,"Havre de Grace, MD",1
2163,"Havre, MT",1
2250,"Haw River, NC",1
1227,"Hawthorne, NJ",1
1839,"Hays, KS",1
138,"Hayward, CA",5
2008,"Hayward, WI",1
2346,"Hazard, KY",1
1992,"Healdsburg, CA",1
1901,"Healy, AK",1
2656,"Hebron, CT",1
339,"Helena, MT",3
2584,"Hemet, CA",1
881,"Hempstead, NY",2
918,"Henderson, KY",2
1082,"Henderson, NC",1
1306,"Hendersonville, NC",1
783,"Hermiston, OR",2
487,"Hermitage, PA",2
2130,"Hernando, MS",1
2214,"Herndon, VA",1
1097,"Herrin, IL",1
2657,"Hewlett, NY",1
2378,"Hiawassee, GA",1
2539,"Hibbing, MN",1
1072,"Hickory, NC",1
631,"High Point, NC",2
2624,"Highland Park, IL",1
2601,"Highland Park, NJ",1
1697,"Highland Springs, VA",1
2212,"Highland, IL",1
2418,"Hightstown, NJ",1
2502,"Hillcrest, CA",1
642,"Hilliard, OH",2
1232,"Hillsboro, OH",1
879,"Hillsboro, OR",2
1231,"Hillsborough, NC",1
1399,"Hillsdale, NJ",1
1814,"Hillside, NJ",1
187,"Hilo, HI",4
1150,"Hinesburg, VT",1
1572,"Hinesville, GA",1
2181,"Hinsdale, IL",1
1160,"Hobart, IL",1
1551,"Hobart, IN",1
1784,"Hoboken, NJ",1
2205,"Holbrook, MA",1
390,"Holland, MI",3
1151,"Hollidaysburg, PA",1
2391,"Hollister, CA",1
2292,"Holly Springs, NC",1
896,"Hollywood, CA",2
683,"Hollywood, FL",2
1486,"Holyoke, MA",1
63,"Homer, AK",8
1538,"Homer, NY",1
2357,"Homestead, FL",1
2479,"Homewood, AL",1
1105,"Homewood, IL",1
2397,"Honesdale, PA",1
2256,"Honesville, NY",1
127,"Honolulu, HI",6
213,"Hood River, OR",4
2140,"Hood Rivier, OR",1
322,"Hoover, AL",3
2464,"Hopkinsville, KY",1
1096,"Hopkinton, MA",1
2193,"Hornell, NY",1
687,"Hot Springs, AR",2
801,"Houghton, MI",2
1243,"Houlton, ME",1
373,"Houma, LA",3
73,"Houston, TX",8
2068,"Howell, MI",1
2022,"Huber Heights, OH",1
1607,"Hudson, NY",1
1117,"Hudson, OH",1
1857,"Humboldt, TN",1
1694,"Huntersville, NC",1
2380,"Huntingdon, PA",1
344,"Huntington Beach, CA",3
2537,"Huntington, IN",1
2203,"Huntington, NY",1
1142,"Huntington, WV",1
107,"Huntsville, AL",6
819,"Huntsville, TX",2
340,"Hutchinson, KS",3
698,"Hyannis, MA",2
368,"Idaho Falls, ID",3
2239,"Imperial Beach, CA",1
2644,"Indiana, PA",1
1278,"Indianapolis, IA",1
32,"Indianapolis, IN",10
2282,"Indiantown, FL",1
1156,"Indio, CA",1
1627,"Ionia, MI",1
16,"Iowa City, IA",12
2649,"Iron Mountain, MI",1
1391,"Ironwood, MI",1
689,"Irvine, CA",2
474,"Islip, NY",2
735,"Issaquah, WA",2
380,"Ithaca, NY",3
573,"Jackson, IL",2
2377,"Jackson, MI",1
169,"Jackson, MS",5
1852,"Jackson, NJ",1
769,"Jackson, TN",2
2509,"Jackson, WY",1
718,"Jacksonville, AL",2
86,"Jacksonville, FL",7
2219,"Jacksonville, IL",1
2123,"Jacksonville, NC",1
1480,"Jacksonville, TX",1
1271,"Jamaica Plain, MA",1
1716,"Jamestown, ND",1
1795,"Jamestown, NY",1
1579,"Janesville, WI",1
2305,"Jasper, AL",1
2179,"Jasper, IN",1
1559,"Jasper, TX",1
641,"Jefferson City, MO",2
1018,"Jefferson, GA",1
1162,"Jeffersonville, GA",1
488,"Jeffersonville, IN",2
2487,"Jensen Beach, FL",1
279,"Jersey City, NJ",3
711,"John Day, OR",2
166,"Johnson City, TN",5
1943,"Johnstown, PA",1
364,"Joliet, IL",3
410,"Jonesboro, AR",3
723,"Joplin, MO",2
1265,"Joshua Tree, CA",1
1476,"Joshua Tree/Twentynine Palms/Yucca Valley, CA",1
1315,"Julian, CA",1
2462,"Junction City, KS",1
498,"Juneau, AK",2
903,"Jupiter, FL",2
540,"Kahului, HI",2
444,"Kailua-Kona, HI",3
1356,"Kalama, WA",1
106,"Kalamazoo, MI",6
1519,"Kalispell, MT",1
1245,"Kanab, UT",1
1972,"Kane, IL",1
2508,"Kankakee, IL",1
400,"Kansas City, KS",3
53,"Kansas City, MO",9
1303,"Kansasville, WI",1
588,"Kapolei, HI",2
1346,"Katy, TX",1
2619,"Keansburg, NJ",1
957,"Kearney, NE",2
1958,"Keene Valley, New York, NY",1
615,"Keene, NH",2
1939,"Keene, NY",1
2125,"Keller, TX",1
656,"Kennebunk, ME",2
764,"Kennesaw, GA",2
2169,"Kennett Square, PA",1
372,"Kennewick, WA",3
803,"Kenosha, WI",2
1714,"Kent, CT",1
194,"Kent, OH",4
2046,"Keokuk, IA",1
2592,"Kerrville, TX",1
831,"Ketchikan, AK",2
1783,"Ketchum, ID",1
1676,"Kettering, OH",1
820,"Kewanee, IL",2
1991,"Key Largo, FL",1
579,"Key West, FL",2
1807,"Keyser, WV",1
2568,"Kiel, WI",1
369,"Killeen, TX",3
2423,"Killingly, CT",1
966,"Kilmarnock, VA",1
518,"King of Prussia, PA",2
2527,"Kingfield, ME",1
2051,"Kingman, AZ",1
961,"Kingsport, TN",1
841,"Kingston, NY",2
2090,"Kingsville, TX",1
2258,"Kinston, NC",1
600,"Kirkland, WA",2
2470,"Kirksville, MO",1
901,"Kirkwood, MO",2
2488,"Kissimmee, FL",1
1516,"Kittanning, PA",1
2244,"Klamath Falls, OR",1
2433,"Knightdale, NC",1
178,"Knoxville, TN",5
501,"Kodiak, AK",2
355,"Kokomo, IN",3
1301,"Kotzebue, AK",1
1413,"Kutztown, PA",1
1858,"La Cañada Flintridge, CA",1
2160,"La Center, WA",1
2600,"La Conner, WA",1
2007,"La Crescenta-Montrose, CA",1
190,"La Crosse, WI",4
2531,"La Grande, OR",1
1673,"La Grange, IL",1
2442,"La Habra, CA",1
1634,"La Marque, TX",1
459,"La Mesa, CA",2
2347,"La Mirada, CA",1
1929,"La Plata, MD",1
1672,"La Porte, IN",1
2628,"La Porte, TX",1
1800,"La Puente, CA",1
2060,"La Quinta, CA",1
1056,"La Salle, IL",1
1236,"La Verne, CA",1
1729,"LaGrange, GA",1
1086,"LaSalle, IL",1
2155,"Lafayette, CA",1
1885,"Lafayette, IA",1
268,"Lafayette, IN",3
381,"Lafayette, LA",3
446,"Laguna Beach, CA",3
1342,"Laguna Niguel, CA",1
461,"Lake Charles, LA",2
1359,"Lake City, FL",1
1458,"Lake Elsinore, CA",1
1509,"Lake Forest Park, WA",1
1296,"Lake Forest, CA",1
1118,"Lake Forest, IL",1
538,"Lake Havasu City, AZ",2
1443,"Lake Havasu, AZ",1
2218,"Lake Havasu, CA",1
1109,"Lake Mills, WI",1
2535,"Lake Nona, FL",1
1577,"Lake Orion, NY",1
1247,"Lake Oswego, OR",1
2538,"Lake Station, IN",1
1017,"Lake Stevens, WA",1
1405,"Lake Tahoe, CA",1
1258,"Lake Worth Beach, FL",1
2249,"Lake Worth, FL",1
1668,"Lake Zurich, IL",1
678,"Lakeland, FL",2
2006,"Lakewood, CA",1
1116,"Lakewood, NJ",1
1893,"Lakewood, OH",1
1187,"Lakewood, WA",1
2647,"Lambertville, MI",1
522,"Lambertville, NJ",2
1290,"Lampasas, TX",1
994,"Lancaster, CA",1
2064,"Lancaster, OH",1
399,"Lancaster, PA",3
2665,"Lancaster, SC",1
1317,"Lansdowne, PA",1
92,"Lansing, MI",7
2058,"Lansing, PA",1
1432,"Lapeer, MI",1
314,"Laramie, WY",3
412,"Laredo, TX",3
85,"Las Cruces, NM",7
37,"Las Vegas, NV",10
2010,"Latrobe, PA",1
2157,"Laurel, MA",1
2142,"Laurel, MD",1
2569,"Laurinburg, NC",1
1944,"Lawrence, KS",1
318,"Lawrence, MA",3
280,"Lawrenceville, GA",3
1730,"Lawrenceville, VA",1
633,"Lawton, OK",2
1279,"Le Mars, IA",1
771,"League City, TX",2
805,"Leavenworth, KS",2
1055,"Leavenworth, WA",1
550,"Lebanon, KY",2
2426,"Lebanon, MO",1
2310,"Lebanon, OH",1
499,"Lebanon, OR",2
2185,"Lebanon, PA",1
2274,"Lebanon, TN",1
2577,"Lebanon, VA",1
1926,"Ledyard, CT",1
2223,"Leesburg, FL",1
1547,"Leesburg, VA",1
1016,"Leesville, LA",1
993,"Lehigh Acres, FL",1
1508,"Lehighton, PA",1
2045,"Leisure World, MD",1
470,"Leitchfield, KY",2
1595,"Lemoore, CA",1
2234,"Lenoir, NC",1
1829,"Leominster, MA",1
2055,"Leonardtown, MD",1
1666,"Levelland, TX",1
2208,"Levittown, PA",1
1530,"Lewisburg, PA",1
2076,"Lewisburg, WV",1
1804,"Lewiston, ID",1
265,"Lewiston, ME",3
1717,"Lewisville, TX",1
6,"Lexington, KY",17
1915,"Lexington, MA",1
2525,"Lexington, NC",1
1195,"Lexington, VA",1
2663,"Liberal, KS",1
2229,"Lihue, HI",1
1937,"Lima, OH",1
1400,"Lincoln City, OR",1
59,"Lincoln, NE",9
1708,"Linden, NJ",1
919,"Lindenhurst, NY",2
2595,"Litchfield, CT",1
1078,"Lititz, PA",1
1337,"Little Elm, TX",1
54,"Little Rock, AR",9
1238,"Littleton, NH",1
949,"Livermore, CA",2
609,"Livingston Manor, NY",2
2469,"Livingston, NJ",1
181,"Livonia, MI",4
1691,"Lock Haven, PA",1
2389,"Lockhart, TX",1
2431,"Lockport, NY",1
1507,"Locust Grove, VA",1
2170,"Lodi, CA",1
2437,"Logan, UT",1
1611,"Loganville, GA",1
532,"Lompoc, CA",2
2576,"Londonderry, NH",1
1060,"Long Beach Island, NJ",1
247,"Long Beach, CA",4
1305,"Long Beach, NY",1
877,"Long Branch, NJ",2
1024,"Long Island, NY",1
342,"Longmont, CO",3
245,"Longview, TX",4
267,"Longview, WA",3
2087,"Lopez Island, WA",1
970,"Lorain, OH",1
835,"Los Alamitos, CA",2
2484,"Los Alamos, NM",1
745,"Los Altos, CA",2
7,"Los Angeles, CA",16
2036,"Los Banos, CA",1
1000,"Los Gatos, CA",1
39,"Louisville, KY",10
1722,"Loveland, CO",1
1741,"Lowell, IL",1
549,"Lowell, MA",2
2322,"Lower Peninsula, MI",1
959,"Lowville, NY",1
517,"Loyalton, CA",2
1152,"Loìza, Puerto Rico",1
1819,"Loíza, Puerto Rico",1
391,"Lubbock, TX",3
457,"Ludington, MI",2
2047,"Ludlow, VT",1
2476,"Ludowici, GA",1
598,"Lufkin, TX",2
515,"Lumberton, NC",2
1063,"Lyme, CT",1
189,"Lynchburg, VA",4
892,"Lynn, MA",2
2536,"Lynnwood, WA",1
2082,"Machias, ME",1
1159,"Mackinac Island, MI",1
849,"Macomb, IL",2
2350,"Macomb, MI",1
161,"Macon, GA",5
1494,"Madera, CA",1
646,"Madison, CT",2
1401,"Madison, NJ",1
43,"Madison, WI",10
825,"Madisonville, KY",2
2566,"Mahomet, IL",1
1475,"Maine Township, IL",1
932,"Malibu, CA",2
202,"Manassas, VA",4
271,"Manchester, CT",3
384,"Manchester, NH",3
1830,"Manchester, NJ",1
1872,"Manchester, VT",1
581,"Manhattan Beach, CA",2
162,"Manhattan, KS",5
361,"Manhattan, NY",3
1437,"Manheim, PA",1
1385,"Manitowoc, WI",1
1834,"Mankato, MN",1
1266,"Manlius, NY",1
1923,"Mansfield, MA",1
1635,"Mansfield, OH",1
2616,"Mansfield, PA",1
1917,"Mansfield, TX",1
1576,"Maple Valley, WA",1
2447,"Maplewood, MN",1
2032,"Maplewood, NJ",1
1311,"Maquoketa, IA",1
1242,"Marblehead, MA",1
458,"Marco Island, FL",2
1876,"Marfa, TX",1
397,"Maricopa, AZ",3
144,"Marietta, GA",5
2589,"Marietta, OH",1
1428,"Marin City, CA",1
1030,"Marinette, WI",1
1596,"Marinwood, CA",1
479,"Marion, IL",2
450,"Marion, IN",3
2543,"Marion, NC",1
1267,"Marion, OH",1
1517,"Marlborough, MA",1
2316,Marquette,1
122,"Marquette, MI",6
1779,"Marrero, LA",1
1680,"Marshall, MI",1
2106,"Marshall, MO",1
223,"Marshall, TX",4
1466,"Marshalltown, IA",1
1139,"Marshfield, WI",1
2011,"Martha's Vineyard, MA",1
2113,"Martin, TN",1
585,"Martinsburg, WV",2
1246,"Martinsville, IN",1
644,"Martinsville, VA",2
2035,"Maryland Heights, MO",1
2658,"Marysville, CA",1
1366,"Marysville, OH",1
2102,"Maryville, MO",1
1482,"Maryville, TN",1
1705,"Mascoutah, IL",1
1304,"Mashpee, MA",1
773,"Mason City, IA",2
2598,"Mason, OH",1
2222,"Massena, NY",1
1767,"Mathews, VA",1
2168,"Mattapoisett, MA",1
2162,"Mattoon, IL",1
468,"Maui, HI",2
960,"May 28, Chicago",1
1619,"May 29, Chicago",1
1489,"May 30, Chicago",1
1276,"Maynard, MA",1
2662,"Maywood, IL",1
1855,"McAlester, OK",1
2150,"McAllen, TX",1
996,"McCook, NE",1
413,"McDonough, GA",3
36,"McKinney, TX",10
2049,"McLean, VA",1
811,"McMinnville, OR",2
1743,"McMinnville, TN",1
1823,"Meadville, PA",1
1753,"Medford, NJ",1
377,"Medford, OR",3
796,"Medina, OH",2
1931,"Melbourne, FL",1
5,"Memphis, TN",17
1228,"Menlo Park, CA",1
2268,"Menominee, MI",1
1913,"Menomonee Falls, WI",1
786,"Menomonie, WI",2
147,"Merced, CA",5
1775,"Mercer Island, WA",1
690,"Meriden, CT",2
2345,"Meriden, NH",1
596,"Meridian, MS",2
171,"Merrick, NY",5
1114,"Merrillville, IN",1
2147,"Merrimack, NH",1
1688,"Mesa City, AZ",1
884,"Mesa, AZ",2
1567,"Mesquite, TX",1
2175,"Metairie, LA",1
1222,"Metuchen, NJ",1
2330,"Mexico, MO",1
921,"Miami Beach, FL",2
2074,"Miami Lakes, FL",1
2396,"Miami Shores, FL",1
31,"Miami, FL",11
486,"Miami, OK",2
1526,"Miamisburg, OH",1
2667,"Michigan City, IN",1
1450,"Middle River, MD",1
2573,"Middle Township, NJ",1
741,"Middlebury, VT",2
1809,"Middlesex, NJ",1
305,"Middletown, CT",3
2237,"Middletown, DE",1
1462,"Middletown, NY",1
423,"Middletown, OH",3
984,"Midland, MI",1
212,"Midland, TX",4
2363,"Midlothian, TX",1
531,"Mifflinburg, PA",2
1268,"Milan, Italy",1
1422,"Milford, CT",1
1219,"Milford, DE",1
1149,"Milford, MA",1
2209,"Milford, PA",1
289,"Mill Valley, CA",3
1598,"Millburn, NJ",1
1866,"Milledgeville, GA",1
494,"Millerton, NY",2
1654,"Millville, NJ",1
858,"Milton, MA",2
2121,"Milton, PA",1
1652,"Milton-Freewater, OR",1
11,"Milwaukee, WI",15
2146,"Milwaukie, OR",1
637,"Minden, LA",2
952,"Mineola, NY",2
9,"Minneapolis, MN",15
2555,"Minneapolis–St. Paul, MN",1
665,"Minot, ND",2
1919,"Mira Mesa, CA",1
738,"Miramar, FL",2
2269,"Mishawaka, IN",1
80,"Missoula, MT",8
2427,"Missouri City, TX",1
1452,"Mitchell, SD",1
548,"Moab, UT",2
2506,"Moberly, MO",1
409,"Mobile, AL",3
2360,"Mobile, IL",1
175,"Modesto, CA",5
1721,"Molalla, OR",1
2276,"Moline, IL",1
1522,"Monett, MO",1
1255,"Monmouth Junction, NJ",1
1092,"Monmouth, IL",1
2627,"Monmouth, ME",1
1924,"Monmouth, OR",1
1786,"Monroe Township, NJ",1
2097,"Monroe, CT",1
401,"Monroe, GA",3
366,"Monroe, LA",3
1918,"Monroe, MI",1
983,"Monroe, NC",1
875,"Monroe, NY",2
1099,"Monroe, WA",1
985,"Monroeville, PA",1
836,"Monrovia, CA",2
1061,"Monson, MA",1
1259,"Montague, MI",1
1816,"Montauk, NY",1
1726,"Montclair, CA",1
277,"Montclair, NJ",3
1780,"Montebello, CA",1
351,"Monterey, CA",3
2417,"Montevideo, MN",1
72,"Montgomery, AL",8
964,"Montgomery, NY",1
2065,"Monticello, AR",1
2585,"Monticello, IL",1
1617,"Monticello, NY",1
186,"Montpelier, VT",4
759,"Montrose, CA",2
856,"Montrose, CO",2
569,"Montrose, GA",2
1084,"Montville, CT",1
511,"Moorestown, NJ",2
1888,"Mooresville, IN",1
1124,"Mooresville, NC",1
2333,"Moorpark, CA",1
1822,"Moraga, CA",1
1886,"Morehead City, NC",1
1863,"Morehead, KY",1
930,"Moreno Valley, CA",2
1625,"Morgan Hill, CA",1
1528,"Morganton, NC",1
261,"Morgantown, WV",3
1737,"Morris, IL",1
1932,"Morristown, NJ",1
2518,"Morristown, TN",1
1584,"Morrisville, VT",1
2558,"Morro Bay, CA",1
2376,"Moscow, ID",1
507,"Moses Lake, WA",2
2262,"Moulton, AL",1
321,"Moultrie, GA",3
1766,"Mounds, IL",1
2137,"Mount Holly, NC",1
1049,"Mount Holly, NJ",1
654,"Mount Pleasant, MI",2
1912,"Mount Pleasant, SC",1
2412,"Mount Shasta, CA",1
1478,"Mount Vernon, IA",1
292,"Mount Vernon, NY",3
1326,"Mount Vernon, OH",1
460,"Mountain Brook, AL",2
256,"Mountain Home, AR",4
1877,"Mountain House, CA",1
172,"Mountain View, CA",5
536,"Mountlake Terrace, WA",2
1768,"Mt. Pleasant, MI",1
2373,"Mt. Pleasant, PA",1
1769,"Mt. Vernon, IL",1
662,"Mt. Vernon, ME",2
1983,"Mt. Vernon, NY",1
1237,"Mt. Vernon, OH",1
2091,"Mt. Vernon, WA",1
751,"Mukilteo, WA",2
208,"Muncie, IN",4
2609,"Munster, IN",1
225,"Murfreesboro, TN",4
1091,"Murphy, NC",1
928,"Murray, KY",2
2370,"Muscatine, IA",1
1711,"Muskegon, MI",1
2285,"Muskogee, OK",1
301,"Myrtle Beach, SC",3
1792,"Mystic, CT",1
502,"Nacogdoches, TX",2
1403,"Nanakuli, HI",1
1727,"Nantucket, MA",1
1565,"Nanuet, NY",1
962,"Napa, CA",1
168,"Naperville, IL",5
334,"Naples, FL",3
2583,"Naples, Italy",1
1533,"Naples, ME",1
686,"Narberth, PA",2
2511,"Narragansett, RI",1
103,"Narrowsburg, NY",6
525,"Nashua, NH",2
116,"Nashville, TN",6
2452,"Nashwauk, MN",1
1094,"Natchez, MS",1
707,"Natchitoches, LA",2
1145,"Naugatuck, CT",1
583,"Navarre, FL",2
1212,"Nazareth, PA",1
2187,"Nebraska City, NE",1
2242,"Neenah, WI",1
2331,"Nevada City, CA",1
1496,"New Albany, IN",1
152,"New Bedford, MA",5
404,"New Bern, NC",3
2364,"New Braunfels, TX",1
775,"New Britain, CT",2
793,"New Brunswick, NJ",2
424,"New Canaan, CT",3
2399,"New Castle, PA",1
64,"New Haven, CT",8
2343,"New Haven, MI",1
1616,"New Hope, PA",1
1550,"New Iberia, LA",1
824,"New Lenox, IL",2
395,"New London, CT",3
25,"New Orleans, LA",11
2617,"New Orleans, NY",1
1787,"New Paltz, NY",1
2235,"New Philadelphia, OH",1
1541,"New Port Richey, FL",1
2359,"New Providence, NJ",1
82,"New Rochelle, NY",7
1110,"New Smyrna Beach, FL",1
1083,"New Town, ND",1
1,"New York, NY",18
1501,"Newark, DE",1
160,"Newark, NJ",5
2471,"Newark, OH",1
2633,"Newberg, OR",1
438,"Newburgh, NY",3
497,"Newburyport, MA",2
365,"Newcastle, ME",3
1959,"Newcastle, WA",1
2513,"Newington, CT",1
1826,"Newland, NC",1
250,"Newnan, GA",4
894,"Newport Beach, CA",2
1020,"Newport Beach, California, CA",1
254,"Newport News, VA",4
2552,"Newport, OR",1
938,"Newport, RI",2
1878,"Newport, TN",1
1961,"Newport, VT",1
567,"Newton, IA",2
1029,"Newton, KS",1
320,"Newton, MA",3
809,"Newton, NC",2
1907,"Newton, NJ",1
2063,"Newtown, CT",1
1256,"Newtown, PA",1
651,"Niagara Falls, NY",2
2342,"Nipomo, CA",1
1465,"Niskayuna, NY",1
1690,"Nocatee, FL",1
953,"Nogales, AZ",2
2348,"Norfolk, NE",1
57,"Norfolk, VA",9
199,"Norman, OK",4
1760,"Normandy Park, WA",1
2669,"Norristown, PA",1
2631,"North Adams, MA",1
2390,"North Bend, WA",1
2485,"North Bergen, NJ",1
2575,"North Brunswick, NJ",1
1344,"North Canton, OH",1
293,"North Charleston, SC",3
2257,"North Conway, NH",1
1574,"North Kingstown, RI",1
1840,"North Myrtle Beach, SC",1
1580,"North Naples, FL",1
1415,"North Plainfield, NJ",1
1014,"North Platte, NE",1
1664,"North Suffolk, VA",1
1036,"North Wilkesboro, NC",1
747,"Northampton, MA",2
1376,"Northbrook, IL",1
1423,"Norton, VA",1
1104,"Norwalk, CT",1
2554,"Norwalk, OH",1
1843,"Norwell, MA",1
350,"Norwich, CT",3
2295,"Norwich, NY",1
516,"Norwood, CO",2
2062,"Novato, CA",1
1294,"Novi, NY",1
503,"Nutley, NJ",2
830,"Nyack, NY",2
2472,"O'Fallon, IL",1
2605,"O'Fallon, MO",1
2457,"Oahu, HI",1
703,"Oak Bluffs, MA",2
1898,"Oak Harbor, WA",1
1368,"Oak Park, IL",1
1908,"Oak Ridge, TN",1
1272,"Oakdale, CA",1
562,"Oakdale, MN",2
23,"Oakland, CA",12
1510,"Oakley, CA",1
1485,"Oaks Bluff, MA",1
731,"Oakwood, OH",2
1621,"Ocala, FL",1
924,"Ocean City, MD",2
1845,"Ocean City, NJ",1
717,"Oceanside, CA",2
2436,"Oconomowoc, WI",1
244,"Odessa, TX",4
1469,"Ogden, UT",1
1797,"Ogdensburg, NY",1
1851,"Ogen, UT",1
1169,"Oil City, PA",1
1986,"Ojai, CA",1
49,"Oklahoma City, OK",10
908,"Olathe, KS",2
2561,"Old Fort, NC",1
1314,"Old Lyme, CT",1
842,"Old Saybrook, CT",2
940,"Olean, NY",2
625,"Olmsted Falls, OH",2
2351,"Olney, MD",1
79,"Olympia, WA",8
77,"Omaha, NE",8
2069,"Omak, WA",1
950,"Oneonta, NY",2
2660,"Ontario, CA",1
900,"Ontario, OR",2
956,"Opelika, AL",2
467,"Orange, CA",2
2151,"Orange, VA",1
500,"Orangeburg, SC",2
1763,"Orcas Island, WA",1
2407,"Oregon, WI",1
1801,"Orem, UT",1
2495,"Orland, CA",1
101,"Orlando, FL",6
1077,"Orleans, MA",1
891,"Orono, ME",2
2625,"Oroville, CA",1
649,"Oshkosh, WI",2
878,"Oskaloosa, IA",2
431,"Ossining, NY",3
1002,"Oswego, IL",1
804,"Oswego, NY",2
591,"Ottawa, IL",2
1581,"Ottumwa, IA",1
2238,"Ouray, CO",1
148,"Overland Park, KS",5
720,"Owatonna, MN",2
236,"Owensboro, KY",4
2425,"Oxford, CT",1
1613,"Oxford, MS",1
2016,"Oxford, OH",1
173,"Oxnard, CA",5
1191,"Oyster Bay, NY",1
2128,"O’Fallon Township, IL",1
2648,"O’Hara, PA",1
1345,"Pacific Beach, CA",1
164,"Paducah, KY",5
1484,"Painesville, OH",1
2153,"Paintsville, KY",1
622,"Palatine, IL",2
1695,"Palestine, TX",1
574,"Palm Bay, FL",2
1684,"Palm Beach (town), FL",1
227,"Palm Beach, FL",4
965,"Palm Coast, FL",1
1578,"Palm Desert, CA",1
255,"Palm Springs, CA",4
327,"Palmdale, CA",3
1307,"Palmer, AK",1
2048,"Palmerton, PA",1
237,"Palo Alto, CA",4
1023,"Palos Verdes Estates, CA",1
2572,"Pampa, FL",1
1010,"Panama City Beach, FL",1
578,"Panama City, FL",2
1008,"Parachute, CO",1
1890,"Paramount, CA",1
2273,"Paramus, NJ",1
2458,"Paris, TN",1
755,"Paris, TX",2
1681,"Park City, UT",1
375,"Park Rapids, MN",3
794,"Park Ridge, IL",2
677,"Parkersburg, WV",2
2083,"Parma, OH",1
1274,"Parsippany, NJ",1
1947,"Parsons, KS",1
98,"Pasadena, CA",7
1531,"Pasadena, MD",1
205,"Pasco, WA",4
2284,"Patchogue, NY",1
309,"Paterson, NJ",3
2629,"Pawleys Island, SC",1
1841,"Payson, AZ",1
1815,"Peabody, MA",1
1234,"Peachtree City, GA",1
1115,"Peconic, NY",1
1916,"Pecos, TX",1
1490,"Peekskill, NY",1
2335,"Pekin, IL",1
685,"Pelham, NY",2
2275,"Pembroke Pines, FL",1
2283,"Pendleton, IN",1
1431,"Pendleton, OR",1
2655,"Penn Yan, NY",1
2001,"Pennington, NJ",1
2184,"Pennsburg, PA",1
2510,"Pennwynne, PA",1
35,"Pensacola, FL",10
725,"Peoria, IL",2
2411,"Perkasie, PA",1
608,"Perrysburg, OH",2
1599,"Perryville, MO",1
408,"Pescadero, CA",3
319,"Petal, MS",3
2521,"Petaluma, CA",1
897,"Peterborough, NH",2
740,"Petersburg, VA",2
419,"Petoskey, MI",3
29,"Philadelphia, PA",11
477,"Philipsburg, PA",2
1999,"Phillipsburg, NJ",1
0,"Phoenix, AZ",18
2167,"Phoenixville, PA",1
1884,"Picayune, MS",1
1962,"Pickens, SC",1
1636,"Piedmont, CA",1
559,"Pierre, SD",2
2358,"Pikeville, KY",1
1805,"Pine Bluff, AR",1
1811,"Pine City, MN",1
2632,"Pine Ridge, SD",1
2240,"Pinedale, WY",1
1358,"Piqua, OH",1
684,"Pitman, NJ",2
2279,"Pittsboro, NC",1
2294,"Pittsburg, KS",1
26,"Pittsburgh, PA",11
923,"Pittsfield, MA",2
233,"Pittsfield, MI",4
2588,"Pittsford, NY",1
593,"Placentia, CA",2
1529,"Placerville, CA",1
995,"Plainfield, CT",1
1463,"Plainfield, IL",1
679,"Plainfield, NH",2
1495,"Plainview, NY",1
1059,"Plainville, CT",1
485,"Plano, TX",2
2461,"Plant City, FL",1
730,"Plattsburgh, NY",2
1435,"Plattsburgh, New York, NY",1
2385,"Pleasant Hills, PA",1
1216,"Pleasanton, CA",1
2645,"Plymouth Meeting, PA",1
2114,"Plymouth, IN",1
1447,"Plymouth, MA",1
566,"Plymouth, MI",2
533,"Pocatello, ID",2
2465,"Pocomoke City, MD",1
2255,"Podgorica, Montenegro",1
1754,"Pokomoke City, MD",1
2659,"Political, Puerto Rico",1
2523,"Polson, MT",1
1761,"Pomfret, CT",1
333,"Pomona, CA",3
989,"Ponca City, OK",1
839,"Pontiac, MI",2
2474,"Poquoson, VA",1
2041,"Port Allen, LA",1
660,"Port Angeles, WA",2
1518,"Port Arthur, TX",1
251,"Port Huron, MI",4
1998,"Port Jefferson Station, NY",1
1764,"Port Orange, FL",1
2562,"Port St. Lucie, FL",1
442,"Port Townsend, WA",3
1414,"Portage, IN",1
2059,"Portage, MI",1
1336,"Portage, PA",1
2361,"Porterville, CA",1
119,"Portland, ME",6
3,"Portland, OR",18
2120,"Portsmouth, NH",1
1870,"Portsmouth, OH",1
158,"Portsmouth, VA",5
139,"Potsdam, NY",5
1333,"Potsdam, New York, NY",1
742,"Pottstown, PA",2
1375,"Pottsville, PA",1
325,"Poughkeepsie, NY",3
795,"Poulsbo, WA",2
290,"Poway, CA",3
1239,"Prairie Grove, AR",1
2516,"Prairie Village, KS",1
1456,"Prairie Village, MO",1
1107,"Prairie du Sac, WI",1
1205,"Prescott Valley, AZ",1
693,"Prescott, AZ",2
1487,"Presque Isle, ME",1
1657,"Prince Frederick, MD",1
2398,"Princeton, IL",1
2410,"Princeton, IN",1
1004,"Princeton, KY",1
732,"Princeton, NJ",2
2500,"Princeton, WV",1
2116,"Prineville, OR",1
1013,"Protester violence, MI",1
183,"Providence, RI",4
1712,"Provincetown, MA",1
417,"Provo, UT",3
394,"Pueblo, CO",3
509,"Pullman, WA",2
2288,"Punta Gorda, FL",1
1902,"Punxsutawney, PA",1
1048,"Purcellville, VA",1
2100,"Puyallup, WA",1
2455,"Quakertown, PA",1
2009,"Queen Creek, AZ",1
137,"Queens, NY",5
2308,"Quincy, CA",1
1233,"Quincy, FL",1
941,"Quincy, IL",2
1352,"Quincy, MA",1
1831,"Quincy, WA",1
2171,"Quinlan, TX",1
153,"Racine, WI",5
466,"Radnor, PA",2
476,"Raeford, NC",2
1828,"Rahway, NJ",1
38,"Raleigh, NC",10
833,"Ramona, CA",2
427,"Rancho Cucamonga, CA",3
1197,"Rancho Mirage, CA",1
872,"Rancho Palos Verdes, CA",2
1123,"Rancho Santa Margarita, CA",1
1332,"Randallstown, MD",1
2241,"Randolph, MA",1
2382,"Randolph, VT",1
248,"Rapid City, SD",4
2498,"Ravenna, OH",1
1341,"Raymond, WA",1
348,"Reading, PA",3
882,"Red Bank, NJ",2
2327,"Red Bank, SC",1
888,"Red Bluff, CA",2
1790,"Red Hook, NY",1
1240,"Red Lodge, MT",1
859,"Red Wing, MN",2
221,"Redding, CA",4
330,"Redlands, CA",3
768,"Redmond, WA",2
2265,"Redmong, WA",1
1299,"Redondo Beach, CA",1
855,"Redwood City, CA",2
765,"Rehoboth Beach, DE",2
1659,"Reidsville, NC",1
146,"Reno, NV",5
387,"Renton, WA",3
456,"Rexburg, ID",2
821,"Rhinebeck, NY",2
2004,"Rhinelander, WI",1
1504,"Rice Lake, WI",1
2078,"Richardson, TX",1
545,"Richland, WA",2
977,"Richlands, VA",1
2177,"Richmond Hill, GA",1
975,"Richmond, CA",1
2534,"Richmond, IN",1
1379,"Richmond, KY",1
1733,"Richmond, OH",1
1582,"Richmond, RI",1
14,"Richmond, VA",13
200,"Ridgecrest, CA",4
2494,"Ridgefield Park, NJ",1
1416,"Ridgefield, CT",1
1689,"Ridgefield, WA",1
1813,"Ridgeway, VA",1
563,"Ridgewood, NJ",2
2293,"Rifle, CO",1
733,"Rio Grande, NJ",2
1651,"Riveraide, CA",1
1093,"Riverbank, CA",1
463,"Riverhead, NY",2
242,"Riverside, CA",4
1062,"Riverton, WY",1
834,"Riverview, FL",2
1179,"Riviera Beach, FL",1
403,"Roanoke, VA",3
1313,"Rochester Hills, MI",1
2013,"Rochester, MI",1
216,"Rochester, MN",4
129,"Rochester, NY",6
1589,"Rock Hill, SC",1
392,"Rock Springs, WY",3
67,"Rockford, IL",8
1459,"Rockingham, NC",1
469,"Rockland, ME",2
1042,"Rockville, MD",1
1967,"Rockwall, TX",1
1670,"Rocky Hill, CT",1
1747,"Rocky Mount, NC",1
1284,"Rocky Mount, VA",1
826,"Rogers, AR",2
1693,"Rolla, MO",1
203,"Rome, GA",4
1275,"Rome, Italy",1
1874,"Rome, NY",1
1340,"Romeo, MI",1
1867,"Roseburg, OR",1
273,"Roseville, CA",3
1777,"Roseville, MN",1
998,"Roslindale, MA",1
1201,"Roswell, GA",1
2314,"Roswell, NM",1
1444,"Round Hill, VA",1
142,"Round Rock, TX",5
1667,"Rowland Heights, CA",1
1511,"Rowlett, TX",1
1637,"Royal Oak, MI",1
2336,"Royalton, VT",1
2432,"Royersford, PA",1
1235,"Royse City, TX",1
1920,"Rugby, ND",1
1362,"Ruidoso, NM",1
1194,"Rushville, IN",1
1558,"Russellville, AR",1
1980,"Ruston, LA",1
2038,"Rutherford, NJ",1
590,"Rutland, VT",2
2025,"Rye, NY",1
44,"Sacramento, CA",10
2271,"Safford, AZ",1
432,"Saginaw, MI",3
584,"Salem, MA",2
90,"Salem, OR",7
1328,"Salem, VA",1
620,"Salida, CO",2
1022,"Salina, KS",1
848,"Salinas, CA",2
617,"Salisbury, CT",2
838,"Salisbury, MD",2
357,"Salisbury, NC",3
20,"Salt Lake City, UT",12
1583,"San Angelo, TX",1
15,"San Antonio, TX",12
650,"San Bernardino, CA",2
541,"San Clemente, CA",2
47,"San Diego, CA",10
2252,"San Francisco Peninsula, CA",1
24,"San Francisco, CA",11
1686,"San Francisco, FL",1
1963,"San Gabriel, CA",1
60,"San Jose, CA",9
2075,"San Juan, Puerto Rico",1
159,"San Luis Obispo, CA",5
379,"San Marcos, TX",3
643,"San Mateo, CA",2
2563,"San Pedro, CA",1
887,"San Rafael, CA",2
899,"San Ramon, CA",2
1436,"Sandersville, GA",1
519,"Sandpoint, ID",2
867,"Sandusky, OH",2
1586,"Sandwich, IL",1
1027,"Sandy Springs, GA",1
1597,"Sanford, ME",1
2304,"Sanford, NC",1
136,"Santa Ana, CA",5
197,"Santa Barbara, CA",4
52,"Santa Clarita, CA",9
264,"Santa Cruz, CA",3
744,"Santa Fe, NM",2
954,"Santa Maria, CA",2
155,"Santa Monica, CA",5
105,"Santa Rosa, CA",6
220,"Santee, CA",4
2338,"Saranac Lake, NY",1
2344,"Saranac Lake, New York, NY",1
89,"Sarasota, FL",7
222,"Saratoga Springs, NY",4
1119,"Sault Ste. Marie, MI",1
440,"Savannah, GA",3
1700,"Sayreville, NJ",1
1037,"Sayville, NY",1
1997,"Schaumburg, IL",1
1612,"Schenectady, NY",1
1945,"Scituate, MA",1
1367,"Scotch Plains, NJ",1
2388,"Scottsbluff, NE",1
602,"Scottsdale, AZ",2
313,"Scranton, PA",3
1069,"Seaford, DE",1
537,"Seaside, CA",2
1032,"Seaside, OR",1
8,"Seattle, WA",16
108,"Sebastopol, CA",6
565,"Sebring, FL",2
992,"Sedalia, MO",1
1537,"Seguin, TX",1
2406,"Selah, WA",1
785,"Selinsgrove, PA",2
1748,"Selma, AL",1
2638,"Selma, NC",1
437,"Sequim, WA",3
1545,"Seymour, IN",1
715,"Shaker Heights, OH",2
1081,"Shamokin, PA",1
968,"Sharon, CT",1
2232,"Sharon, OH",1
1525,"Sharon, PA",1
2512,"Sharpsville, PA",1
1854,"Shawano, WI",1
2129,"Shawnee, OK",1
792,"Sheboygan, WI",2
2586,"Shelburne Falls, MA",1
2251,"Shelby Township, MI",1
298,"Shelby, NC",3
2520,"Shelby, OH",1
806,"Shelbyville, KY",2
1433,"Shelter Island, NY",1
2497,"Shelton, CT",1
1203,"Shelton, WA",1
2127,"Sheridan, WY",1
1618,"Sherman, TX",1
1921,"Shippensburg, PA",1
184,"Shirley, NY",4
1164,"Shoreline, WA",1
1744,"Shoreview, MN",1
659,"Shorewood, WI",2
120,"Shreveport, LA",6
2404,"Shrewsbury, MA",1
2253,"Sidney, NE",1
2216,"Sidney, OH",1
2599,"Sierra Madre, CA",1
710,"Sierra Vista, AZ",2
2607,"Silver City, NM",1
326,"Silver Spring, MD",3
1951,"Silverdale, WA",1
639,"Simi Valley, CA",2
2349,"Simpsonville, SC",1
2640,"Simsbury, CT",1
154,"Sioux City, IA",5
282,"Sioux Falls, SD",3
542,"Sisters, OR",2
454,"Sitka, AK",2
1076,"Skagway, AK",1
1674,"Skokie, IL",1
2460,"Skowhegan, ME",1
2043,"Slidell, LA",1
757,"Smithtown, NY",2
421,"Smyrna, GA",3
864,"Snohomish, WA",2
1143,"Snoqualmie, WA",1
1051,"Sofia, Bulgaria",1
1502,"Solana Beach, CA",1
2670,"Soldotna, AK",1
1593,"Solvang, CA",1
1837,"Somers Point, NJ",1
2124,"Somers, CT",1
2526,"Somers, NY",1
1349,"Somerset, KY",1
2668,"Somerset, PA",1
2570,"Somerville, CA",1
828,"Somerville, NJ",2
1445,"Sonoma, CA",1
1880,"Sonora, CA",1
2040,"Souderton, PA",1
860,"South Bay, CA",2
224,"South Bend, IN",4
1282,"South Boston, VA",1
1553,"South Brunswick, NJ",1
1472,"South Kingstown, RI",1
1687,"South Lake Tahoe, CA",1
445,"South Pasadena, CA",3
2176,"South Portland, ME",1
1329,"South Royalton, VT",1
1225,"South San Francisco, CA",1
346,"South Windsor, CT",3
1171,"Southampton, NY",1
2532,"Southbridge, MA",1
832,"Southbury, CT",2
1934,"Southfield, MI",1
2298,"Southington, CT",1
1842,"Southlake, TX",1
1052,"Southwick, MA",1
1019,"Sparta, IL",1
853,"Spartanburg, SC",2
2221,"Spencer, IA",1
117,"Spokane, WA",6
1864,"Spotsylvania County, VA",1
2415,"Spring Hill, TN",1
676,"Spring Hope, NC",2
1894,"Spring Township, PA",1
1283,"Spring Valley, NY",1
680,"Springboro, OH",2
336,"Springfield, IL",3
402,"Springfield, MA",3
96,"Springfield, MO",7
1546,"Springfield, OH",1
577,"Springfield, OR",2
1906,"Springfield, VT",1
1417,"St. Albans, VT",1
1536,"St. Anthony, MN",1
133,"St. Augustine, FL",6
1789,"St. Charles, IL",1
782,"St. Charles, MO",2
2596,"St. Clair Shores, MI",1
575,"St. Cloud, MN",2
2449,"St. Francisville, LA",1
143,"St. George, UT",5
1467,"St. Helens, OR",1
2514,"St. John, IL",1
2086,"St. Johns, FL",1
2541,"St. Johns, IL",1
2225,"St. Johnsbury, VT",1
1388,"St. Joseph, MI",1
360,"St. Joseph, MO",3
2651,"St. Louis City, MO",1
2303,"St. Louis Park, MN",1
28,"St. Louis, MO",11
2289,"St. Matthews, KY",1
40,"St. Paul, MN",10
2450,"St. Peter, MN",1
74,"St. Petersburg, FL",8
1658,"Stafford, NJ",1
1053,"Stafford, VA",1
135,"Stamford, CT",5
2636,"Stanardsville, VA",1
2199,"Stanford, CA",1
130,"Stanwood, WA",6
1993,"Starkville, MS",1
192,"State College, PA",4
65,"Staten Island, NY",8
906,"Statesboro, GA",2
347,"Statesville, NC",3
610,"Staunton, VA",2
534,"Steamboat Springs, CO",2
863,"Stephenville, TX",2
2263,"Sterling Heights, MI",1
1289,"Sterling, CO",1
2612,"Sterling, VA",1
776,"Steubenville, OH",2
285,"Stevens Point, WI",3
1709,"Stevenson, WA",1
1319,"Stillwater, OK",1
145,"Stockton, CA",5
543,"Stonington, CT",2
2136,"Stoughton, MA",1
2540,"Stratford, CT",1
807,"Stroudsburg, PA",2
627,"Stuart, FL",2
2085,"Studio City, CA",1
980,"Sturgeon Bay, WI",1
607,"Sudbury, MA",2
535,"Suffolk, VA",2
1750,"Sulphur Springs, TX",1
473,"Summerville, SC",2
2190,"Summit, NJ",1
407,"Sumter, SC",3
1180,"Sun Prairie, WI",1
1166,"Sunapee, NH",1
2217,"Sunbury, PA",1
1718,"Sunnyvale, CA",1
1202,"Sunrise, FL",1
1601,"Superior, WI",1
850,"Surprise, AZ",2
1217,"Suwanee, GA",1
1808,"Swampscott, MA",1
1438,"Sweetwater, TN",1
2507,"Sycamore, IL",1
207,"Sykesville, MD",4
1590,"Sylacauga, AL",1
1085,"Sylva, NC",1
1549,"Sylvania, OH",1
2281,"Syosset, NY",1
34,"Syracuse, NY",10
51,"Tacoma, WA",10
1971,"Tahlequah, OK",1
2105,"Takoma Park, MD",1
1520,"Talkeetna, AK",1
2332,"Talladega, AL",1
30,"Tallahassee, FL",11
1810,"Tallmadge, OH",1
71,"Tampa, FL",8
2166,"Tampa, Fl",1
724,"Tamuning, Guam",2
2154,"Taos, NM",1
1602,"Tarrytown, NY",1
2352,"Taunton, MA",1
2482,"Taunton, MD",1
2564,"Taylor, TX",1
1706,"Taylorville, IL",1
2556,"Teaneck, NJ",1
1287,"Tecumseh, MI",1
1186,"Tehachapi, CA",1
1418,"Telluride, CO",1
352,"Temecula, CA",3
2642,"Tempe, AZ",1
978,"Temple City, CA",1
2630,"Temple Terrace, FL",1
1369,"Temple, TX",1
2026,"Terra Linda, CA",1
151,"Terre Haute, IN",5
492,"Texarkana, TX",2
1699,"The Dalles, OR",1
1106,"The Hague, Netherlands",1
907,"The Woodlands, TX",2
1892,"Thibodaux, LA",1
2402,"Thomaston, CT",1
1889,"Thomasville, GA",1
2339,"Thomson, GA",1
411,"Thousand Oaks, CA",3
1515,"Tiffin, OH",1
1474,"Tinley Park, IL",1
2623,"Titusville, FL",1
1563,"Tokyo, Japan",1
131,"Toledo, OH",6
2149,"Tolland, CT",1
1411,"Tomah, WI",1
1453,"Toms River, NJ",1
453,"Topeka, KS",2
1977,"Torrance, CA",1
917,"Torrington, CT",2
1095,"Torrington, WY",1
385,"Towson, MD",3
1025,"Tracy, CA",1
1446,"Traverse City, MI",1
2054,"Traverse. City, MI",1
266,"Trenton, NJ",3
2545,"Tri-Cities, WA",1
1873,"Trotwood, OH",1
1798,"Troutdale, OR",1
262,"Troy, AL",3
434,"Troy, MI",3
521,"Troy, NY",2
1103,"Troy, OH",1
611,"Truckee, CA",2
2329,"Trumbull, CT",1
623,"Tualatin, OR",2
94,"Tucson, AZ",7
88,"Tulsa, OK",7
910,"Tupelo, MS",2
1656,"Tupper Lake, NY",1
1710,"Turin, Italy",1
304,"Turlock, CA",3
942,"Tuscaloosa, AL",2
284,"Tuscola, IL",3
1698,"Tuscumbia, AL",1
1213,"Tuskegee, AL",1
668,"Twentynine Palms, CA",2
512,"Twin Falls, ID",2
418,"Tyler, TX",3
2246,"Ukiah, CA",1
1087,"Unalakleet, AK",1
1566,"Union, MO",1
2108,"Uniondale, NY",1
2413,"Uniontown, PA",1
2088,"University Heights, CA",1
852,"Upland, CA",2
2057,"Upper Arlington, OH",1
2302,"Upper Darby, PA",1
1207,"Upper Jay, NY",1
1464,"Upper St. Clair, PA",1
958,"Urbana, IL",2
2156,"Utica, NY",1
2145,"Utulei, American Samoa",1
504,"Vacaville, CA",2
2286,"Vail, CO",1
1821,"Valdez, AK",1
561,"Valdosta, GA",2
118,"Vallejo, CA",6
1263,"Valley City, ND",1
520,"Valley Stream, NY",2
1622,"Valparaiso, IN",1
1498,"Van Nuys, CA",1
2319,"Van Wert, OH",1
228,"Vancouver, WA",4
1548,"Vandergrift, PA",1
916,"Vashon, WA",2
2602,"Venice Beach, CA",1
963,"Venice, CA",1
580,"Ventura, CA",2
1665,"Vernon Hills, IL",1
1261,"Vernon, CT",1
1209,"Vernon, NJ",1
560,"Vero Beach, FL",2
1221,"Vestavia Hills, AL",1
1568,"Vicksburg, MO",1
1440,"Vicksburg, MS",1
2613,"Victor, ID",1
1262,"Victor, NY",1
433,"Victoria, TX",3
359,"Victorville, CA",3
1461,"Vidor, TX",1
890,"Vienna, VA",2
1506,"Viera, FL",1
2553,"Vincennes, IN",1
2652,"Vineland, NJ",1
1899,"Vineyard Haven, MA",1
2489,"Virgina Beach, VA",1
70,"Virginia Beach, VA",8
770,"Virginia, MN",2
177,"Visalia, CA",5
1047,"Voorhees, NJ",1
935,"Waco, TX",2
2297,"Wadesboro, NC",1
1532,"Wagoner, OK",1
303,"Waikiki, HI",3
1728,"Waitsfield, VT",1
508,"Walla Walla, WA",2
645,"Wallingford, CT",2
2419,"Wallkill, NY",1
1662,"Walnut Creek, CA",1
1624,"Walnut, CA",1
552,"Waltham, MA",2
1273,"Walton County, FL",1
1818,"Ware, MA",1
898,"Warner Robins, GA",2
480,"Warren, MI",2
1318,"Warren, NJ",1
1034,"Warren, OH",1
945,"Warren, PA",2
2067,"Warrenton, VA",1
943,"Warsaw, IN",2
514,"Warsaw, Poland",2
587,"Warwick, NY",2
1927,"Wasau, WI",1
2019,"Washburn, WI",1
1682,"Washington, CT",1
4,"Washington, DC",17
1224,"Washington, IN",1
2099,"Washington, NC",1
311,"Washington, PA",3
483,"Washougal, WA",2
2581,"Waterbury, CT",1
2463,"Waterford Twnshp, NY",1
737,"Waterford, CT",2
132,"Waterloo, IA",6
1799,"Waterloo, IL",1
1925,"Waterloo, MO",1
1372,"Watertown, CT",1
797,"Watertown, NY",2
1848,"Watertown, SD",1
663,"Waterville, ME",2
2000,"Watsonville, CA",1
478,"Waukegan, IL",2
1178,"Waukesha, WI",1
576,"Wausau, WI",2
934,"Wauwatosa, WI",2
2321,"Waxahachie, TX",1
1588,"Waxhaw, NC",1
1386,"Wayland, MA",1
2318,"Wayne, NJ",1
1044,"Waynesboro, GA",1
1350,"Waynesboro, PA",1
493,"Waynesboro, VA",2
2080,"Waynesville, NC",1
1614,"Weatherford, TX",1
1015,"Weaverville, CA",1
2367,"Weaverville, NC",1
2420,"Webster Groves, MO",1
614,"Webster, MA",2
1080,"Wellfleet, MA",1
1953,"Wellington, CO",1
2428,"Wellington, FL",1
2453,"Wellington, KS",1
1424,"Wellington, New Zealand",1
1338,"Wellsville, NY",1
263,"Wenatchee, WA",3
2211,"Wendell, MA",1
1121,"West Bloomfield, NY",1
1620,"West Chester Twp, OH",1
1990,"West Chester, OH",1
323,"West Chester, PA",3
893,"West Covina, CA",2
234,"West Hartford, CT",4
2164,"West Haven, CT",1
1210,"West Hempstead, NY",1
760,"West Hollywood, CA",2
2317,"West Islip, NY",1
2550,"West Jefferson, NC",1
1803,"West Melbourne, FL",1
1146,"West Newbury, MA",1
1985,"West Orange, NJ",1
257,"West Palm Beach, FL",4
2591,"West Plains, MO",1
2405,"West Point, NY",1
2015,"West St. Paul, MN",1
1742,"Westcliffe, CO",1
2084,"Westerly, RI",1
2095,"Westerville, OH",1
2448,"Westfield, MA",1
278,"Westfield, NJ",3
1770,"Westland, MI",1
1513,"Westminster, CA",1
218,"Westminster, MD",4
1043,"Westmont, NJ",1
1628,"Westmoreland, NY",1
2594,"Weston, CT",1
722,"Weston, FL",2
597,"Westport, CT",2
2141,"Westwood, Los Angeles, CA",1
2094,"Wethersfield, CT",1
2320,"Wheaton, IL",1
2580,"Wheeling, WV",1
286,"White Plains, NY",3
193,"Whitefish, MT",4
1026,"Whitewater, WI",1
813,"Whitman, MA",2
674,"Whittier, CA",2
854,"Wichita Falls, TX",2
84,"Wichita, KS",7
2077,"Wildwood, MO",1
976,"Wildwood, NJ",1
115,"Wilkes-Barre, PA",6
367,"Williamsburg, VA",3
471,"Williamson, WV",2
951,"Williamsport, PA",2
2614,"Williamstown, MA",1
163,"Willingboro, NJ",5
1723,"Williston, ND",1
2593,"Willits, CA",1
874,"Willmar, MN",2
2103,"Wilmar, MN",1
524,"Wilmington, DE",2
1470,"Wilmington, MA",1
156,"Wilmington, NC",5
914,"Wilmington, OH",2
1325,"Wilmington, VT",1
612,"Wilson, NC",2
1609,"Wilton, CT",1
682,"Wimberley, TX",2
880,"Winchester, KY",2
1360,"Winchester, TN",1
799,"Winchester, VA",2
388,"Windermere, FL",3
1975,"Windham, CT",1
2070,"Windsor Locks, CT",1
752,"Windsor, CT",2
1738,"Winfield, IL",1
246,"Winfield, KS",4
2394,"Winnetka, IL",1
1285,"Winnsboro, LA",1
2311,"Winona, MN",1
50,"Winston-Salem, NC",10
2504,"Winthrop, WA",1
2260,"Wiscasset, ME",1
1380,"Wisconsin Rapids, WI",1
1649,"Woburn, MA",1
1882,"Wolcott, CT",1
2272,"Woodbridge, VA",1
2434,"Woodburn, OR",1
1473,"Woodbury, CT",1
2270,"Woodbury, MN",1
1223,"Woodcreek, TX",1
539,"Woodland, CA",2
2328,"Woodstock, CT",1
527,"Woodstock, GA",2
1734,"Woodstock, IL",1
2014,"Woodstock, VT",1
2451,"Woodward, OK",1
1426,"Woonsocket, RI",1
46,"Wooster, OH",10
226,"Worcester, MA",4
2115,"Worthington, MN",1
2408,"Wylie, TX",1
1009,"Wynnwood, FL",1
1250,"Wytheville, VA",1
939,"Xenia, OH",2
274,"Yachats, OR",3
2039,"Yakima, WA",1
1003,"Yankton, SD",1
2044,"Yardley, PA",1
1499,"Yeadon, PA",1
1198,"Yellow Springs, OH",1
312,"Yonkers, NY",3
2355,"Yorba Linda, CA",1
1174,"York City, PA",1
974,"York, ME",1
83,"York, PA",7
1320,"York, SC",1
1089,"Yorkville, IL",1
618,"Youngstown, OH",2
157,"Ypsilanti, MI",5
1270,"Yreka, CA",1
528,"Yucaipa, CA",2
1131,"Yucca Valley, CA",1
592,"Yuma, AZ",2
1964,"Zagreb, Croatia",1
721,"Zanesville, OH",2
